F-0-SP35-5,FARINA 0 SP35 da 5 kg
F-0-SP35-25,FARINA 0 SP35 da 25Kg
F-00-SP38-25,FARINA 00 SP38 da 25kg
F-0-SP50-25,FARINA 0 SP50 da 25kg
F-00-1,FARINA 00 da 1kg
F-00-5,FARINA 00 da 5kg
F-00-10,FARINA 00 da 10kg
F-00-30,FARINA 00 da 30kg
F-00-PA-5,FARINA 00 PASTA da 5kg
F-00-PA-10,FARINA 00 PASTA da 10kg
F-00-PA-25,FARINA 00 PASTA da 25kg
F-00-SF-25,FARINA 00 SFOGLIA da 25kg
F-0-1,FARINA 0 da 1kg
F-0-5,FARINA 0 da 5kg
F-0-10,FARINA 0 da 10kg
F-0-25,FARINA 0 da 25kg
F-0-P-10,FARINA 0P da 10kg
F-0-SFU,FARINA 0 SFUSA
F-0-P20-10,FARINA 0 P20 da 10kg
F-0-P20-25,FARINA 0 P20 da 25kg
FM-OR-10,FARINA 0 ORO da 10kg
FM-5CR-1,MIX FARINE 5 CEREALI da 1kg
FM-5CR-5,MIX FARINE 5 CEREALI da 5kg
FM-5CR-10,MIX FARINE 5 CEREALI da 10kg
FM-6CR-5,MIX FARINE 6 CEREALI da 5kg
FM-7CR-5,MIX FARINE 7 CEREALI da 5kg
FM-T1-5,FARINA TIPO1 da 5kg
FM-T1-10,FARINA TIPO1 da 10kg
FM-T1F-25,FARINA TIPO1 di FORZA da 25kg
FM-T2-5,FARINA TIPO2 da 5kg
FM-T2F-25,FARINA TIPO2 di FORZA da 25kg
FM-XCA-5,MIX CANAPA da 5kg
FM-XPZ-5,MIX PIZZA da 5kg
FM-INT-5,FARINA INTEGRALE da 5kg
FM-INT-10,FARINA INTEGRALE da 10kg
FM-INT-25,FARINA INTEGRALE da 25kg
FM-INT-P-5,FARINA INTEGRALE P da 5 kg
FM-INT-P-10,FARINA INTEGRALE P da 10kg
FM-INT-P-25,FARINA INTEGRALE P da 25kg
F-RIS-25,FARINA DI RISO da 25kg
F-GSR-25,FARINA DI GRANO SARACENO da 25kg
F-AVN-25,FARINA DI AVENA da 25kg
F-CAN-20,FARINA di CANAPA da 20Kg
F-SEG-25,FARINA di SEGALE da 25Kg
F-MSB-25,FARINA DI MAIS BRAMATA da 25kg
F-MSF-25,FARINA DI MAIS FUMETTO da 25kg
F-FARR-BIA-5,FARINA DI FARRO BIANCO da 5kg
F-FARR-BIA-25,FARINA DI FARRO BIANCO da 25kg
F-FARR-INT-5,FARINA FARRO INTEGRALE da 5kg
F-FARR-INT-25,FARINA FARRO INTEGRALE da 25kg
CP-FAR-25,FARRO PERLATO da 25kg
CP-ORZ-25,ORZO PERLATO da 25kg
GD-SEM-5,SEMOLA da 5kg
GD-SEM-25,SEMOLA da 25kg
GD-SEM-RIM-5,SEMOLA RIMACINATA da 5kg
GD-SEM-RIM-25,SEMOLA RIMACINATA da 25kg
GD-SEM-EXT-5,SEMOLA EXTRA da 5Kg
GD-SEM-EXT-25,SEMOLA EXTRA da 25Kg
GD-COUS-25Kg,COUS COUS da 25Kg
GD-KHOR-25,KHORASAN da 25Kg
Z-TFR-SC,TRITELLO-FARINACCIO SACCONI
Z-TFR-RN,TRITELLO-FARINACCIO RINFUSA
Z-FAV-25,FAVINO DA 25Kg
Z-ORZ-RN,ORZO RINFUSA
Z-ORZ-25,ORZO 25Kg
Z-SOR-30,SORGO da 25kg
Z-SGR-30,SEME GRANO da 30Kg
Z-GRA-25,GRANO DA 25Kg
Z-MAI-NAZ-25,MAIS NAZIONALE da 25kG
Z-MAI-BEL-25,MAIS BELGRANO da 25kG
Z-MAI-SFA-25,MAIS SFARINATO da 25kG
Z-SPE-MED-25,MAIS SPEZZATO MEDIO da 25Kg
Z-SPE-GRO-25,MAIS SPEZZATO GROSSO da 25Kg
Z-CRU-10,CRUSCA da 10Kg
Z-CRU-25,CRUSCA da 25Kg
Z-TRIT-25,TRITELLO da 25Kg
Z-MIS-PIC-25,MISTO PICCIONI da 25Kg
MG-PO-ING-25,MANGIME POLLI INGRASSO da 25Kg
MG-PO-SPEBE-25,MANGIME POLLI SUPER BECCHIME da 25Kg
MG-PO-OVA-25,MANGIME POLLI OVAIOLO da 25Kg
MG-PO-0/6-25,MANGIME POLLI PRIMO PERIODO da 25Kg
MG-CO-ING-25,MANGIME CONIGLI INGRASSO da 25Kg
MG-CO-LAT-20,MANGIME CONIGLI LATTE da 25Kg
MG-FIO-ORM-20,MANGIME FIOCCHI CEREALI OROMIX da 20Kg
MG-CAV-SPO-20,MANGIME CAVALLI SPORT da 20Kg
MG-CAV-MAN-20,MANGIME CAVALLI MANTENIMENTO da 20Kg
MG-CAN-MAN-20,MANGIME CANI MANTENIMENTO da 20Kg
MG-GAT-CRO-20,MANGIME GATTI CROCCHETTE da 20Kg